{
  "v8_full_pipeline": {
    "label": "Multi-Horizon",
    "sharpe": 1.7868685109148315,
    "cagr": 0.18735349926557787,
    "max_dd": -0.11845339610273226,
    "sortino": 2.426771852263092,
    "calmar": 1.5816642277025974,
    "vol": 0.09887349707603992,
    "kurtosis": 2.4551732563966864,
    "n_days": 2853
  },
  "allocator_only": {
    "label": "Allocator Only",
    "sharpe": 1.5758911640779825,
    "cagr": 0.15593824757754082,
    "max_dd": -0.1812408744415645,
    "sortino": 1.9038540241108493,
    "calmar": 0.8603922711033833,
    "vol": 0.09484154305444391,
    "kurtosis": 9.799231661186234,
    "n_days": 2853
  },
  "equal_weight": {
    "label": "Equal-Weight",
    "sharpe": 1.6736318828216918,
    "cagr": 0.15449447578940423,
    "max_dd": -0.14408199536143154,
    "sortino": 2.111195191264435,
    "calmar": 1.0722677417247926,
    "vol": 0.08818841926297612,
    "kurtosis": 7.0437983558381,
    "n_days": 2853
  },
  "spy_benchmark": {
    "label": "SPY Benchmark",
    "sharpe": 0.8327814142952253,
    "cagr": 0.14051472660178832,
    "max_dd": -0.33717277905478,
    "sortino": 1.0169655639104749,
    "calmar": 0.41674398210823266,
    "vol": 0.17671555983514356,
    "kurtosis": 14.139345717459893,
    "n_days": 2853
  },
  "slow_posture_distribution": {
    "aggressive": 2045,
    "balanced": 608,
    "defensive": 200
  },
  "fast_override_rate": 0.1167192429022082,
  "fast_override_days": 333,
  "allocator_capital_weights": {
    "regime_allocator": {
      "mean": 0.32816688639025215,
      "std": 0.1046579546074367
    },
    "trend_cta": {
      "mean": 0.34663174113856965,
      "std": 0.09200457496142285
    },
    "defensive": {
      "mean": 0.3252013724711782,
      "std": 0.1243972209227113
    }
  },
  "snapshot_used": "baseline_v7",
  "extended_snapshot_used": "baseline_v7_extended"
}