{
  "v8_full_pipeline": {
    "label": "Multi-Horizon",
    "sharpe": 1.7809840222782876,
    "cagr": 0.19493114690511204,
    "max_dd": -0.12322628800145756,
    "sortino": 2.441652963040836,
    "calmar": 1.5818957956666384,
    "vol": 0.10300925608440281,
    "kurtosis": 2.1627357766954542,
    "n_days": 2853
  },
  "allocator_only": {
    "label": "Allocator Only",
    "sharpe": 1.5758284739912498,
    "cagr": 0.15592710761612905,
    "max_dd": -0.18124087444156428,
    "sortino": 1.9037413061837893,
    "calmar": 0.8603308061526876,
    "vol": 0.0948390464096403,
    "kurtosis": 9.80057022205547,
    "n_days": 2853
  },
  "equal_weight": {
    "label": "Equal-Weight",
    "sharpe": 1.6736318828217043,
    "cagr": 0.15449447578940534,
    "max_dd": -0.1440819953614313,
    "sortino": 2.1111951912644518,
    "calmar": 1.072267741724802,
    "vol": 0.08818841926297592,
    "kurtosis": 7.043798355837617,
    "n_days": 2853
  },
  "spy_benchmark": {
    "label": "SPY Benchmark",
    "sharpe": 0.8327814142952253,
    "cagr": 0.14051472660178832,
    "max_dd": -0.33717277905478,
    "sortino": 1.0169655639104749,
    "calmar": 0.41674398210823266,
    "vol": 0.17671555983514356,
    "kurtosis": 14.139345717459893,
    "n_days": 2853
  },
  "slow_posture_distribution": {
    "aggressive": 2045,
    "balanced": 608,
    "defensive": 200
  },
  "fast_override_rate": 0.1167192429022082,
  "fast_override_days": 333,
  "allocator_capital_weights": {
    "regime_allocator": {
      "mean": 0.3281032991669585,
      "std": 0.1046483015508709
    },
    "trend_cta": {
      "mean": 0.346692223274264,
      "std": 0.09197327510442553
    },
    "defensive": {
      "mean": 0.3252044775587775,
      "std": 0.12441341972510536
    }
  },
  "snapshot_used": "baseline_v7",
  "extended_snapshot_used": "baseline_v7_extended"
}