{
  "v8_full_pipeline": {
    "label": "Multi-Horizon",
    "sharpe": 1.7770428187490006,
    "cagr": 0.18106865926565008,
    "max_dd": -0.11628666996586673,
    "sortino": 2.3949168281544684,
    "calmar": 1.557088695710339,
    "vol": 0.09628969205714069,
    "kurtosis": 2.643260341467909,
    "n_days": 2853
  },
  "allocator_only": {
    "label": "Allocator Only",
    "sharpe": 1.575828473991252,
    "cagr": 0.15592710761612927,
    "max_dd": -0.1812408744415644,
    "sortino": 1.9037413061837918,
    "calmar": 0.8603308061526884,
    "vol": 0.0948390464096403,
    "kurtosis": 9.80057022205547,
    "n_days": 2853
  },
  "equal_weight": {
    "label": "Equal-Weight",
    "sharpe": 1.6736318828217065,
    "cagr": 0.15449447578940556,
    "max_dd": -0.14408199536143143,
    "sortino": 2.1111951912644544,
    "calmar": 1.0722677417248025,
    "vol": 0.08818841926297592,
    "kurtosis": 7.043798355837613,
    "n_days": 2853
  },
  "spy_benchmark": {
    "label": "SPY Benchmark",
    "sharpe": 0.8327814142952253,
    "cagr": 0.14051472660178832,
    "max_dd": -0.33717277905478,
    "sortino": 1.0169655639104749,
    "calmar": 0.41674398210823266,
    "vol": 0.17671555983514356,
    "kurtosis": 14.139345717459893,
    "n_days": 2853
  },
  "slow_posture_distribution": {
    "aggressive": 2045,
    "balanced": 608,
    "defensive": 200
  },
  "fast_override_rate": 0.1167192429022082,
  "fast_override_days": 333,
  "allocator_capital_weights": {
    "regime_allocator": {
      "mean": 0.3281032991669585,
      "std": 0.1046483015508709
    },
    "trend_cta": {
      "mean": 0.346692223274264,
      "std": 0.09197327510442553
    },
    "defensive": {
      "mean": 0.3252044775587775,
      "std": 0.12441341972510536
    }
  },
  "snapshot_used": "baseline_v7",
  "extended_snapshot_used": "baseline_v7_extended"
}