{
  "v8_full_pipeline": {
    "label": "Multi-Horizon",
    "sharpe": 1.9431843517248772,
    "cagr": 0.24288703395563171,
    "max_dd": -0.12603747172199986,
    "sortino": 2.7395285444412614,
    "calmar": 1.9271017629690816,
    "vol": 0.11537056648557661,
    "kurtosis": 1.7139034457804732,
    "n_days": 2853
  },
  "allocator_only": {
    "label": "Allocator Only",
    "sharpe": 1.8941976867037513,
    "cagr": 0.23049908677903685,
    "max_dd": -0.19576607243766245,
    "sortino": 2.455667014061017,
    "calmar": 1.1774210102337033,
    "vol": 0.11291687076322841,
    "kurtosis": 6.420523087373797,
    "n_days": 2853
  },
  "equal_weight": {
    "label": "Equal-Weight",
    "sharpe": 1.673631882821689,
    "cagr": 0.15449447578940423,
    "max_dd": -0.1440819953614316,
    "sortino": 2.1111951912644327,
    "calmar": 1.0722677417247921,
    "vol": 0.08818841926297614,
    "kurtosis": 7.043798355838105,
    "n_days": 2853
  },
  "spy_benchmark": {
    "label": "SPY Benchmark",
    "sharpe": 0.8327814142952253,
    "cagr": 0.14051472660178832,
    "max_dd": -0.33717277905478,
    "sortino": 1.0169655639104749,
    "calmar": 0.41674398210823266,
    "vol": 0.17671555983514356,
    "kurtosis": 14.139345717459893,
    "n_days": 2853
  },
  "slow_posture_distribution": {
    "aggressive": 2045,
    "balanced": 608,
    "defensive": 200
  },
  "fast_override_rate": 0.1167192429022082,
  "fast_override_days": 333,
  "allocator_capital_weights": {
    "regime_allocator": {
      "mean": 0.32813075014199716,
      "std": 0.10467350570886091
    },
    "trend_cta": {
      "mean": 0.3466462114200023,
      "std": 0.09199686018155694
    },
    "defensive": {
      "mean": 0.32522303843800054,
      "std": 0.12441439575903988
    }
  },
  "snapshot_used": "baseline_v7",
  "extended_snapshot_used": "baseline_v7_extended"
}